entity_type,entity_id,site_id,week_start,productive_hours,fuel_per_productive_hour,idle_pct,productivity_per_hour,time_ratio,anomaly_count,safety_event_count,efficiency_index,cluster_id,cluster_label,is_outlier,outlier_reason,rank_in_site
machine,M01,S1,2026-06-01,55.33,17.08,15.39,110.24,0.999,2,15,1.043,2,efficient,True,"Machine anomalies per 10 h 0.31 is far above normal for an excavator (typical 0.04, z +3.1).",1
machine,M01,S1,2026-06-08,77.78,17.21,13.3,87.29,1.019,0,24,0.403,2,efficient,False,,3
machine,M01,S1,2026-06-15,68.3,17.82,18.4,104.32,0.99,0,30,0.392,2,efficient,False,,4
machine,M01,S1,2026-06-22,50.4,17.71,20.04,95.73,1.019,0,23,-0.028,1,idle-heavy,False,,5
machine,M01,S1,2026-06-29,70.43,17.41,19.01,89.52,1.032,0,24,-0.05,1,idle-heavy,False,,6
machine,M01,S1,2026-07-06,61.25,17.67,21.89,111.59,1.01,0,15,0.332,1,idle-heavy,False,,5
machine,M01,S1,2026-07-13,50.87,16.79,15.53,101.34,0.975,0,16,1.11,2,efficient,False,,2
machine,M01,S1,2026-07-20,54.98,17.22,16.78,102.94,0.993,1,17,0.748,2,efficient,False,,3
machine,M01,S1,2026-07-27,57.28,17.21,15.95,97.59,0.994,0,10,0.661,2,efficient,False,,4
machine,M01,S1,2026-08-03,59.2,17.36,16.97,88.94,1.081,1,24,-0.221,0,needs safety coaching,False,,6
machine,M01,S1,2026-08-10,44.02,18.37,13.52,94.85,1.045,0,23,-0.195,0,needs safety coaching,True,"Safety events per 10 h 4.5 is far above normal for an excavator (typical 2.6, z +3.0).",6
machine,M01,S1,2026-08-17,58.5,18.47,14.08,86.15,0.98,0,28,-0.088,2,efficient,True,"Unusual combination this week: high safety events per 10 h (z +2.4) and high fuel per productive hour (z +2.1), unlike any usual pattern.",5
machine,M01,S1,2026-08-24,46.52,18.22,24.08,91.8,0.997,1,14,-0.485,1,idle-heavy,True,"Unusual combination this week: high idle time (z +1.8) and high fuel per productive hour (z +1.6), unlike any usual pattern.",6
machine,M02,S1,2026-06-01,66.22,17.71,21.11,109.11,1.011,0,15,0.289,1,idle-heavy,False,,6
machine,M02,S1,2026-06-08,64.9,17.28,13.1,106.01,1.014,0,18,0.865,2,efficient,False,,2
machine,M02,S1,2026-06-15,48.13,18.81,20.79,108.55,1.032,0,15,-0.415,1,idle-heavy,True,"Fuel per productive hour 18.8 L/h is far above normal for an excavator (typical 17.5 L/h, z +2.8).",6
machine,M02,S1,2026-06-22,67.95,17.39,20.43,95.29,1.027,0,20,0.052,1,idle-heavy,False,,3
machine,M02,S1,2026-06-29,62.23,17.36,16.47,92.39,1.037,0,18,0.16,2,efficient,False,,4
machine,M02,S1,2026-07-06,61.23,17.53,20.37,101.99,1.028,0,17,0.141,1,idle-heavy,False,,6
machine,M02,S1,2026-07-13,63.62,17.42,15.05,105.79,1.044,0,24,0.492,2,efficient,False,,4
machine,M02,S1,2026-07-20,66.68,17.3,16.45,99.73,1.036,0,12,0.381,2,efficient,False,,4
machine,M02,S1,2026-07-27,42.77,17.53,14.81,111.07,0.999,0,11,0.86,2,efficient,False,,2
machine,M02,S1,2026-08-03,63.9,17.15,14.13,100.7,0.998,0,18,0.848,2,efficient,False,,2
machine,M02,S1,2026-08-10,61.67,16.56,13.51,108.57,1.001,0,13,1.368,2,efficient,False,,1
machine,M02,S1,2026-08-17,49.83,16.7,12.52,120.0,0.943,0,19,1.987,2,efficient,True,"Task time vs estimate 0.94× is far below normal for an excavator (typical 1.03×, z -2.7).",1
machine,M02,S1,2026-08-24,47.07,18.0,13.19,89.98,1.006,0,11,0.137,2,efficient,False,,4
machine,M03,S1,2026-06-01,55.85,15.37,17.28,150.49,0.983,0,18,0.309,2,efficient,False,,5
machine,M03,S1,2026-06-08,59.02,14.42,12.83,193.17,0.913,0,15,2.162,2,efficient,True,"Output per productive hour 193.2/h is far above normal for a wheel loader (typical 140.5/h, z +2.7).",1
machine,M03,S1,2026-06-15,45.22,14.87,14.52,160.67,0.982,0,14,0.89,2,efficient,False,,2
machine,M03,S1,2026-06-22,58.42,15.12,13.07,147.9,0.993,1,15,0.552,2,efficient,False,,2
machine,M03,S1,2026-06-29,50.13,14.68,14.59,150.0,0.947,0,9,0.993,2,efficient,False,,1
machine,M03,S1,2026-07-06,64.83,14.76,13.69,145.22,1.022,0,18,0.498,2,efficient,False,,3
machine,M03,S1,2026-07-13,61.38,15.22,20.16,143.85,1.043,1,20,-0.207,0,needs safety coaching,False,,6
machine,M03,S1,2026-07-20,70.62,14.88,17.63,137.08,0.997,2,25,0.223,0,needs safety coaching,False,,5
machine,M03,S1,2026-07-27,52.02,15.93,17.67,148.8,1.04,1,21,-0.345,0,needs safety coaching,False,,6
machine,M03,S1,2026-08-03,56.37,15.22,13.42,171.56,0.95,0,7,1.136,2,efficient,True,"Safety events per 10 h 1.1 is far below normal for a wheel loader (typical 2.7, z -2.6).",1
machine,M03,S1,2026-08-10,55.32,15.53,17.36,180.05,0.983,0,22,0.743,2,efficient,False,,2
machine,M03,S1,2026-08-17,46.93,16.26,23.62,164.28,0.987,0,16,-0.257,1,idle-heavy,False,,6
machine,M03,S1,2026-08-24,40.95,15.1,17.61,172.28,1.014,0,9,0.645,2,efficient,False,,2
machine,M04,S1,2026-06-01,68.43,15.06,18.4,171.63,0.98,0,18,0.799,2,efficient,False,,3
machine,M04,S1,2026-06-08,38.55,15.09,15.92,142.67,0.996,0,17,0.313,2,efficient,False,,4
machine,M04,S1,2026-06-15,53.5,14.82,13.01,169.44,0.953,0,17,1.311,2,efficient,False,,1
machine,M04,S1,2026-06-22,68.33,15.36,16.46,129.0,1.021,2,24,-0.23,0,needs safety coaching,False,,6
machine,M04,S1,2026-06-29,51.2,15.81,16.64,148.24,0.996,0,20,0.002,1,idle-heavy,False,,5
machine,M04,S1,2026-07-06,55.92,15.5,13.06,161.67,0.988,1,13,0.628,2,efficient,False,,2
machine,M04,S1,2026-07-13,65.97,15.08,13.96,172.21,0.956,0,20,1.158,2,efficient,False,,1
machine,M04,S1,2026-07-20,52.02,15.29,11.64,159.28,0.955,0,22,0.947,2,efficient,False,,2
machine,M04,S1,2026-07-27,67.47,15.85,20.78,155.04,1.014,0,24,-0.207,1,idle-heavy,False,,5
machine,M04,S1,2026-08-03,82.77,15.47,13.24,147.89,0.991,0,28,0.371,2,efficient,False,,4
machine,M04,S1,2026-08-10,63.52,14.9,14.22,147.76,0.968,0,17,0.741,2,efficient,False,,3
machine,M04,S1,2026-08-17,83.18,14.91,16.75,152.98,0.975,0,19,0.659,2,efficient,False,,2
machine,M04,S1,2026-08-24,40.42,15.8,15.24,138.06,1.026,0,13,-0.266,1,idle-heavy,False,,5
machine,M05,S1,2026-06-01,56.85,22.31,16.15,101.5,1.031,0,19,0.663,2,efficient,False,,4
machine,M05,S1,2026-06-08,69.07,22.89,25.55,96.86,1.078,0,24,-0.373,1,idle-heavy,False,,5
machine,M05,S1,2026-06-15,61.37,22.06,17.55,94.51,1.022,0,14,0.563,2,efficient,False,,3
machine,M05,S1,2026-06-22,57.88,22.45,16.09,80.94,1.038,1,19,0.039,2,efficient,False,,4
machine,M05,S1,2026-06-29,67.12,22.55,16.85,93.27,1.034,0,29,0.314,2,efficient,False,,3
machine,M05,S1,2026-07-06,60.0,22.25,16.74,104.5,1.012,0,20,0.846,2,efficient,False,,1
machine,M05,S1,2026-07-13,50.38,22.02,15.18,99.83,1.002,2,13,0.938,2,efficient,True,"Machine anomalies per 10 h 0.34 is far above normal for a dozer (typical 0.06, z +2.9).",3
machine,M05,S1,2026-07-20,63.6,22.24,13.92,101.65,0.993,0,10,1.015,2,efficient,False,,1
machine,M05,S1,2026-07-27,65.6,21.74,14.77,90.4,1.009,1,18,0.777,2,efficient,False,,3
machine,M05,S1,2026-08-03,46.87,23.01,25.11,108.39,1.011,0,13,0.282,1,idle-heavy,False,,5
machine,M05,S1,2026-08-10,44.08,22.52,19.34,83.14,1.032,0,12,-0.043,1,idle-heavy,False,,4
machine,M05,S1,2026-08-17,71.02,21.85,15.54,94.13,1.039,0,15,0.629,2,efficient,False,,3
machine,M05,S1,2026-08-24,63.05,21.87,17.73,96.03,1.049,0,23,0.511,2,efficient,False,,3
machine,M06,S1,2026-06-01,57.15,26.66,12.99,58.71,0.996,2,16,0.812,2,efficient,False,,2
machine,M06,S1,2026-06-08,58.58,26.61,17.95,45.92,1.036,4,15,-0.383,1,idle-heavy,False,,6
machine,M06,S1,2026-06-15,77.77,26.18,15.15,48.61,1.042,4,20,0.069,2,efficient,False,,5
machine,M06,S1,2026-06-22,62.55,25.46,15.74,63.31,0.978,6,26,1.403,2,efficient,True,"Unusual combination this week: low task time vs estimate (z -2.1) and high output per productive hour (z +1.9), unlike any usual pattern.",1
machine,M06,S1,2026-06-29,58.0,25.17,14.37,56.21,1.032,3,14,0.933,2,efficient,False,,2
machine,M06,S1,2026-07-06,61.37,25.57,14.33,50.43,1.053,4,24,0.378,2,efficient,False,,4
machine,M06,S1,2026-07-13,47.8,26.55,18.31,53.56,0.996,5,20,0.228,2,efficient,False,,5
machine,M06,S1,2026-07-20,49.82,26.27,19.06,45.97,1.057,1,17,-0.465,1,idle-heavy,False,,6
machine,M06,S1,2026-07-27,52.17,25.13,13.42,60.19,1.076,7,13,0.914,2,efficient,True,"Unusual combination this week: high machine anomalies per 10 h (z +2.3) and low fuel per productive hour (z -1.5), unlike any usual pattern.",1
machine,M06,S1,2026-08-03,61.82,26.17,18.82,62.93,1.026,1,16,0.575,1,idle-heavy,False,,3
machine,M06,S1,2026-08-10,64.2,25.71,18.15,46.18,1.042,3,22,-0.078,1,idle-heavy,False,,5
machine,M06,S1,2026-08-17,58.02,25.68,15.43,52.14,1.023,3,15,0.526,2,efficient,False,,4
machine,M06,S1,2026-08-24,67.83,25.18,13.46,58.97,1.002,4,15,1.318,2,efficient,False,,1
machine,M07,S2,2026-06-01,42.17,17.08,14.3,92.13,1.007,0,18,0.606,2,efficient,False,,1
machine,M07,S2,2026-06-08,48.03,16.9,14.73,90.35,1.012,0,21,0.602,2,efficient,False,,1
machine,M07,S2,2026-06-15,47.6,18.69,22.75,74.37,1.076,0,17,-1.578,1,idle-heavy,True,"Fuel per productive hour 18.7 L/h is far above normal for an excavator (typical 17.5 L/h, z +2.5).",6
machine,M07,S2,2026-06-22,42.23,17.57,19.04,84.18,1.004,0,12,-0.096,1,idle-heavy,False,,1
machine,M07,S2,2026-06-29,55.57,17.62,20.47,73.34,1.093,1,17,-1.022,0,needs safety coaching,False,,6
machine,M07,S2,2026-07-06,47.18,17.74,19.69,69.41,1.072,0,17,-1.001,0,needs safety coaching,False,,5
machine,M07,S2,2026-07-13,58.33,18.0,14.19,86.23,1.004,0,17,0.001,2,efficient,False,,3
machine,M07,S2,2026-07-20,76.3,17.9,18.12,74.38,1.046,1,25,-0.717,0,needs safety coaching,False,,5
machine,M07,S2,2026-07-27,67.97,16.87,16.13,87.54,1.031,0,16,0.351,2,efficient,False,,1
machine,M07,S2,2026-08-03,57.07,17.63,22.32,73.95,1.005,0,22,-0.569,1,idle-heavy,False,,3
machine,M07,S2,2026-08-10,64.62,16.99,14.19,85.89,0.992,0,26,0.596,2,efficient,False,,1
machine,M07,S2,2026-08-17,58.7,17.52,15.03,76.83,1.024,0,8,-0.146,2,efficient,False,,2
machine,M07,S2,2026-08-24,38.33,17.02,13.89,68.87,1.03,0,7,-0.055,2,efficient,False,,2
machine,M08,S2,2026-06-01,65.67,17.21,16.56,61.14,1.057,1,22,-0.662,0,needs safety coaching,False,,5
machine,M08,S2,2026-06-08,54.98,17.45,16.46,76.84,1.041,0,13,-0.298,1,idle-heavy,False,,3
machine,M08,S2,2026-06-15,63.37,16.93,9.91,82.22,1.029,0,17,0.552,2,efficient,False,,1
machine,M08,S2,2026-06-22,40.57,17.21,21.28,81.59,1.047,0,8,-0.362,1,idle-heavy,False,,2
machine,M08,S2,2026-06-29,50.4,17.48,18.49,76.29,1.049,0,22,-0.492,0,needs safety coaching,False,,3
machine,M08,S2,2026-07-06,50.57,18.66,27.07,93.84,1.068,2,17,-1.276,0,needs safety coaching,True,"Idle time 27.1% is far above normal for an excavator (typical 17.8%, z +2.6); Machine anomalies per 10 h 0.29 is far above normal for an excavator (typical 0.04, z +2.9).",6
machine,M08,S2,2026-07-13,63.18,17.29,15.06,63.94,1.102,1,19,-0.832,0,needs safety coaching,False,,5
machine,M08,S2,2026-07-20,58.38,17.64,23.53,92.41,1.024,2,26,-0.307,0,needs safety coaching,True,"Machine anomalies per 10 h 0.26 is far above normal for an excavator (typical 0.04, z +2.6).",3
machine,M08,S2,2026-07-27,54.58,17.83,23.12,60.46,1.117,0,28,-1.742,0,needs safety coaching,True,"Task time vs estimate 1.12× is far above normal for an excavator (typical 1.03×, z +2.7).",6
machine,M08,S2,2026-08-03,64.35,16.46,12.17,79.1,0.999,0,15,0.779,2,efficient,False,,1
machine,M08,S2,2026-08-10,78.22,17.47,15.18,70.32,1.083,0,39,-0.657,0,needs safety coaching,True,"Safety events per 10 h 4.2 is far above normal for an excavator (typical 2.6, z +2.6).",6
machine,M08,S2,2026-08-17,34.18,18.21,21.54,72.84,1.051,0,10,-1.14,1,idle-heavy,False,,6
machine,M08,S2,2026-08-24,45.32,18.21,20.54,82.42,1.059,1,15,-0.901,0,needs safety coaching,False,,5
machine,M09,S2,2026-06-01,58.65,15.26,21.43,127.88,0.992,0,19,-0.3,1,idle-heavy,False,,3
machine,M09,S2,2026-06-08,66.92,15.42,23.96,113.57,1.052,0,23,-1.096,1,idle-heavy,False,,6
machine,M09,S2,2026-06-15,52.03,16.11,26.78,148.08,1.011,0,18,-0.757,1,idle-heavy,True,"Idle time 26.8% is far above normal for a wheel loader (typical 16.9%, z +2.5).",4
machine,M09,S2,2026-06-22,64.83,16.02,16.99,118.3,1.025,1,14,-0.814,1,idle-heavy,False,,4
machine,M09,S2,2026-06-29,54.12,15.11,17.04,116.69,1.011,1,17,-0.299,0,needs safety coaching,False,,2
machine,M09,S2,2026-07-06,57.82,14.99,10.89,137.76,0.956,0,18,0.75,2,efficient,False,,1
machine,M09,S2,2026-07-13,56.05,15.48,13.53,128.19,0.989,0,14,0.017,2,efficient,False,,2
machine,M09,S2,2026-07-20,52.45,15.39,14.62,142.04,0.992,0,12,0.23,2,efficient,False,,2
machine,M09,S2,2026-07-27,53.62,15.42,10.66,122.26,1.0,1,21,0.03,0,needs safety coaching,False,,2
machine,M09,S2,2026-08-03,45.0,16.82,19.09,133.22,1.025,0,19,-1.066,1,idle-heavy,True,"Fuel per productive hour 16.8 L/h is far above normal for a wheel loader (typical 15.4 L/h, z +2.9).",6
machine,M09,S2,2026-08-10,45.52,16.04,23.99,140.61,0.96,0,17,-0.433,1,idle-heavy,False,,5
machine,M09,S2,2026-08-17,63.85,15.54,18.0,101.96,1.04,1,19,-0.984,0,needs safety coaching,False,,5
machine,M09,S2,2026-08-24,69.98,15.65,20.22,131.82,1.02,0,11,-0.522,1,idle-heavy,False,,4
machine,M10,S2,2026-06-01,67.92,15.77,21.59,130.23,1.005,0,19,-0.597,1,idle-heavy,False,,4
machine,M10,S2,2026-06-08,61.07,16.09,20.98,134.85,0.993,0,22,-0.584,1,idle-heavy,False,,5
machine,M10,S2,2026-06-15,71.5,15.54,13.77,113.64,1.06,2,21,-0.673,0,needs safety coaching,False,,2
machine,M10,S2,2026-06-22,52.03,16.28,15.32,120.31,1.044,1,16,-0.926,0,needs safety coaching,False,,5
machine,M10,S2,2026-06-29,58.78,15.41,18.68,142.3,1.011,0,16,-0.081,1,idle-heavy,False,,1
machine,M10,S2,2026-07-06,62.58,15.6,20.06,109.69,1.042,0,26,-0.996,0,needs safety coaching,False,,4
machine,M10,S2,2026-07-13,60.12,16.02,22.78,119.18,1.071,0,24,-1.347,0,needs safety coaching,False,,6
machine,M10,S2,2026-07-20,51.83,15.31,16.24,109.87,1.086,1,15,-0.884,0,needs safety coaching,False,,6
machine,M10,S2,2026-07-27,51.68,16.11,23.22,135.34,1.039,0,16,-0.956,1,idle-heavy,False,,5
machine,M10,S2,2026-08-03,68.05,15.34,22.11,111.98,1.046,2,38,-0.952,0,needs safety coaching,True,"Safety events per 10 h 4.3 is far above normal for a wheel loader (typical 2.7, z +2.7).",5
machine,M10,S2,2026-08-10,62.05,14.77,19.57,126.19,1.033,0,28,-0.204,0,needs safety coaching,False,,3
machine,M10,S2,2026-08-17,64.32,15.58,21.91,136.36,1.016,0,21,-0.469,1,idle-heavy,False,,3
machine,M10,S2,2026-08-24,47.58,15.54,19.62,138.18,0.956,0,9,0.026,1,idle-heavy,False,,1
machine,M11,S2,2026-06-01,68.42,23.11,18.92,82.8,1.003,0,28,-0.087,1,idle-heavy,False,,2
machine,M11,S2,2026-06-08,59.5,21.72,11.85,75.04,1.018,0,18,0.469,2,efficient,False,,2
machine,M11,S2,2026-06-15,55.15,22.31,20.97,68.27,1.093,1,18,-0.777,0,needs safety coaching,False,,5
machine,M11,S2,2026-06-22,36.07,21.75,16.61,61.0,1.113,1,16,-0.667,0,needs safety coaching,True,"Unusual combination this week: high task time vs estimate (z +2.1) and low output per productive hour (z -1.9), unlike any usual pattern.",3
machine,M11,S2,2026-06-29,44.23,24.59,23.27,89.3,1.01,1,21,-0.706,1,idle-heavy,True,"Fuel per productive hour 24.6 L/h is far above normal for a dozer (typical 22.6 L/h, z +3.0).",5
machine,M11,S2,2026-07-06,65.63,22.49,15.67,67.72,1.106,0,33,-0.683,0,needs safety coaching,False,,3
machine,M11,S2,2026-07-13,60.63,22.36,21.31,74.05,1.037,0,18,-0.343,1,idle-heavy,False,,4
machine,M11,S2,2026-07-20,61.05,23.24,21.85,81.33,1.064,0,19,-0.652,1,idle-heavy,False,,4
machine,M11,S2,2026-07-27,44.17,23.57,27.54,86.49,1.063,0,10,-0.903,1,idle-heavy,False,,4
machine,M11,S2,2026-08-03,25.47,22.41,23.83,71.07,1.065,0,7,-0.715,1,idle-heavy,False,,4
machine,M11,S2,2026-08-10,46.62,23.12,24.22,84.3,0.989,1,18,-0.22,1,idle-heavy,True,"Unusual combination this week: low task time vs estimate (z -1.4) and high idle time (z +1.2), unlike any usual pattern.",4
machine,M11,S2,2026-08-17,71.4,21.67,12.07,73.67,1.044,1,21,0.295,2,efficient,False,,1
machine,M11,S2,2026-08-24,44.03,22.85,15.83,79.37,1.032,0,11,-0.103,2,efficient,False,,3
machine,M12,S2,2026-06-01,44.15,28.02,19.36,38.62,1.109,3,18,-1.844,0,needs safety coaching,True,"Fuel per productive hour 28.0 L/h is far above normal for an articulated truck (typical 26.1 L/h, z +2.9).",6
machine,M12,S2,2026-06-08,53.4,26.07,21.91,46.54,1.047,1,12,-0.505,1,idle-heavy,False,,4
machine,M12,S2,2026-06-15,66.68,25.85,18.94,39.82,1.071,3,19,-0.676,1,idle-heavy,False,,3
machine,M12,S2,2026-06-22,64.9,26.63,20.84,39.14,1.092,0,21,-1.282,1,idle-heavy,False,,6
machine,M12,S2,2026-06-29,67.9,26.62,16.16,40.28,1.048,5,28,-0.596,0,needs safety coaching,False,,4
machine,M12,S2,2026-07-06,55.32,26.29,18.09,45.74,1.051,2,20,-0.374,1,idle-heavy,False,,2
machine,M12,S2,2026-07-13,58.48,25.64,16.49,49.84,1.041,4,17,0.244,2,efficient,False,,1
machine,M12,S2,2026-07-20,58.82,25.39,12.76,44.97,1.02,7,15,0.522,2,efficient,False,,1
machine,M12,S2,2026-07-27,53.85,25.83,17.03,46.15,1.045,2,18,-0.065,1,idle-heavy,False,,3
machine,M12,S2,2026-08-03,59.12,26.15,11.74,44.07,1.043,4,19,0.113,2,efficient,False,,2
machine,M12,S2,2026-08-10,67.2,26.43,14.07,46.8,1.043,2,20,-0.038,2,efficient,False,,2
machine,M12,S2,2026-08-17,53.03,26.84,22.52,51.76,1.034,3,15,-0.517,1,idle-heavy,False,,4
machine,M12,S2,2026-08-24,44.27,27.16,25.58,45.75,1.065,3,13,-1.348,1,idle-heavy,True,"Idle time 25.6% is far above normal for an articulated truck (typical 16.7%, z +3.2).",6
operator,OP01,S1,2026-06-01,30.92,17.49,9.16,123.88,0.956,0,8,0.843,1,efficient,False,,2
operator,OP01,S1,2026-06-08,41.87,16.73,8.15,94.23,0.993,0,8,0.539,1,efficient,False,,3
operator,OP01,S1,2026-06-15,39.3,22.08,8.03,84.99,0.995,3,10,0.662,1,efficient,False,,2
operator,OP01,S1,2026-06-22,39.47,17.16,7.75,131.12,0.961,1,13,0.642,1,efficient,False,,3
operator,OP01,S1,2026-06-29,41.28,18.02,7.85,114.94,0.967,0,9,0.613,1,efficient,False,,2
operator,OP01,S1,2026-07-06,41.52,16.41,7.67,130.19,0.991,1,11,0.707,1,efficient,False,,2
operator,OP01,S1,2026-07-13,39.77,18.66,8.69,108.38,0.956,0,16,0.808,1,efficient,False,,2
operator,OP01,S1,2026-07-20,39.55,19.56,8.77,109.23,0.957,0,6,0.676,1,efficient,False,,2
operator,OP01,S1,2026-07-27,37.98,23.38,10.38,75.69,1.013,4,8,0.862,1,efficient,False,,2
operator,OP01,S1,2026-08-03,31.5,18.43,9.61,125.87,0.954,0,9,0.788,1,efficient,False,,2
operator,OP01,S1,2026-08-10,39.37,15.72,7.48,135.27,0.931,0,6,0.883,1,efficient,False,,2
operator,OP01,S1,2026-08-17,34.08,20.06,7.26,92.71,1.018,1,6,0.475,1,efficient,False,,5
operator,OP01,S1,2026-08-24,33.58,19.75,9.56,90.37,0.967,1,6,0.435,1,efficient,False,,2
operator,OP02,S1,2026-06-01,37.95,15.45,15.82,155.2,0.945,0,6,0.752,1,efficient,False,,3
operator,OP02,S1,2026-06-08,39.48,16.06,15.69,152.47,0.998,0,12,0.579,1,efficient,False,,2
operator,OP02,S1,2026-06-15,32.45,18.55,18.47,133.13,1.011,0,8,0.356,1,efficient,False,,4
operator,OP02,S1,2026-06-22,40.42,19.94,15.8,107.51,0.983,1,17,0.803,1,efficient,False,,1
operator,OP02,S1,2026-06-29,40.65,16.83,15.31,118.33,0.993,0,12,0.492,1,efficient,False,,3
operator,OP02,S1,2026-07-06,38.72,18.11,16.35,113.78,0.999,0,13,0.625,1,efficient,False,,3
operator,OP02,S1,2026-07-13,31.88,17.1,13.95,135.49,0.981,0,8,0.604,1,efficient,False,,3
operator,OP02,S1,2026-07-20,33.07,14.79,15.75,137.3,0.98,0,9,0.228,1,efficient,False,,7
operator,OP02,S1,2026-07-27,32.88,20.68,13.35,97.16,1.043,1,5,0.237,1,efficient,False,,4
operator,OP02,S1,2026-08-03,39.18,21.57,15.61,102.47,0.972,1,6,0.791,1,efficient,False,,1
operator,OP02,S1,2026-08-10,32.68,17.24,14.89,132.94,0.939,1,9,0.797,1,efficient,False,,3
operator,OP02,S1,2026-08-17,40.27,18.29,15.11,129.76,0.986,0,18,0.504,1,efficient,False,,2
operator,OP02,S1,2026-08-24,31.47,22.35,19.52,106.94,1.073,0,11,0.188,1,efficient,False,,4
operator,OP03,S1,2026-06-01,38.1,21.17,17.71,100.26,0.991,1,7,0.554,1,efficient,False,,5
operator,OP03,S1,2026-06-08,38.18,15.47,16.72,132.52,0.997,0,18,0.117,1,efficient,False,,5
operator,OP03,S1,2026-06-15,30.87,15.65,14.97,147.57,0.951,0,7,0.538,1,efficient,False,,3
operator,OP03,S1,2026-06-22,31.1,21.87,15.49,63.67,0.977,4,9,0.133,1,efficient,False,,5
operator,OP03,S1,2026-06-29,37.15,14.78,15.63,149.8,0.936,0,7,0.485,1,efficient,False,,4
operator,OP03,S1,2026-07-06,39.22,18.89,15.51,103.78,0.988,1,10,0.517,1,efficient,False,,5
operator,OP03,S1,2026-07-13,36.67,20.21,18.34,89.45,0.979,4,11,0.414,1,efficient,True,"Unusual combination this week: high machine anomalies per 10 h (z +2.5) and low task time vs estimate (z -0.8), unlike any usual pattern.",4
operator,OP03,S1,2026-07-20,39.2,14.87,15.67,140.18,0.974,1,12,0.461,1,efficient,False,,3
operator,OP03,S1,2026-07-27,39.17,20.46,15.22,100.72,1.02,0,9,0.125,1,efficient,False,,7
operator,OP03,S1,2026-08-03,39.2,18.17,15.88,124.11,1.011,0,16,0.287,1,efficient,False,,6
operator,OP03,S1,2026-08-10,41.57,21.53,13.4,74.34,1.025,1,13,-0.06,1,efficient,False,,8
operator,OP03,S1,2026-08-17,37.78,15.01,13.18,154.3,0.958,0,7,0.483,1,efficient,False,,4
operator,OP03,S1,2026-08-24,33.43,16.83,16.07,87.94,1.091,0,7,-0.275,3,low output,False,,8
operator,OP04,S1,2026-06-01,31.3,19.52,34.43,150.32,1.033,0,14,-0.206,2,idle-heavy,False,,9
operator,OP04,S1,2026-06-08,31.28,23.29,34.14,106.29,1.06,0,7,-0.389,2,idle-heavy,False,,10
operator,OP04,S1,2026-06-15,25.53,22.74,36.17,86.55,1.077,0,8,-0.895,2,idle-heavy,False,,10
operator,OP04,S1,2026-06-22,29.08,20.86,37.94,108.48,1.048,0,12,-0.705,2,idle-heavy,False,,10
operator,OP04,S1,2026-06-29,21.27,19.2,33.54,114.26,1.126,0,7,-0.694,2,idle-heavy,False,,9
operator,OP04,S1,2026-07-06,30.88,20.3,35.12,103.62,1.051,0,12,-0.652,2,idle-heavy,False,,9
operator,OP04,S1,2026-07-13,25.33,20.86,33.42,121.78,1.041,0,9,-0.169,2,idle-heavy,False,,9
operator,OP04,S1,2026-07-20,27.08,20.91,31.17,110.22,1.054,0,11,-0.295,2,idle-heavy,False,,9
operator,OP04,S1,2026-07-27,31.77,17.63,32.07,141.66,1.022,0,9,-0.477,2,idle-heavy,False,,9
operator,OP04,S1,2026-08-03,31.17,25.88,34.89,88.4,1.028,0,11,-0.411,2,idle-heavy,False,,9
operator,OP04,S1,2026-08-10,31.07,23.99,35.28,109.44,1.054,0,9,-0.703,2,idle-heavy,False,,10
operator,OP04,S1,2026-08-17,31.43,18.93,34.33,169.72,0.995,0,9,-0.392,2,idle-heavy,False,,9
operator,OP04,S1,2026-08-24,26.7,18.91,32.86,122.66,1.008,1,6,-0.411,2,idle-heavy,False,,10
operator,OP05,S1,2026-06-01,36.97,17.52,22.99,81.56,1.091,0,11,-0.816,3,low output,False,,10
operator,OP05,S1,2026-06-08,37.72,24.92,21.42,42.55,1.056,1,10,-0.34,3,low output,False,,9
operator,OP05,S1,2026-06-15,37.73,21.8,21.39,50.49,1.072,1,17,-0.544,3,low output,False,,9
operator,OP05,S1,2026-06-22,37.73,18.58,21.39,77.92,1.108,0,23,-0.531,3,low output,False,,9
operator,OP05,S1,2026-06-29,35.43,18.81,25.04,75.92,1.1,0,20,-0.907,3,low output,False,,10
operator,OP05,S1,2026-07-06,36.82,18.09,23.3,76.46,1.164,1,13,-0.981,3,low output,False,,10
operator,OP05,S1,2026-07-13,30.67,15.7,23.33,120.33,1.043,1,13,-0.512,3,low output,False,,10
operator,OP05,S1,2026-07-20,37.35,24.06,22.19,53.68,1.091,2,11,-0.599,3,low output,False,,10
operator,OP05,S1,2026-07-27,30.82,17.86,22.96,83.07,1.141,2,11,-0.866,3,low output,False,,10
operator,OP05,S1,2026-08-03,37.97,19.58,20.9,75.86,1.127,1,20,-0.588,3,low output,True,"Unusual combination this week: high task time vs estimate (z +1.5) and high safety events per 10 h (z +1.0), unlike any usual pattern.",10
operator,OP05,S1,2026-08-10,19.6,15.62,21.76,104.34,1.164,0,14,-0.665,3,low output,True,"Unusual combination this week: high task time vs estimate (z +2.2) and high safety events per 10 h (z +1.8), unlike any usual pattern.",9
operator,OP05,S1,2026-08-17,37.72,21.05,21.42,59.79,1.084,0,10,-0.479,3,low output,False,,10
operator,OP05,S1,2026-08-24,30.73,21.41,20.76,66.38,1.068,0,14,-0.281,3,low output,False,,9
operator,OP06,S1,2026-06-01,37.45,20.01,8.55,131.11,0.975,0,7,1.254,1,efficient,False,,1
operator,OP06,S1,2026-06-08,38.22,14.32,9.8,191.67,0.899,0,10,1.462,1,efficient,True,"Unusual combination this week: high output per productive hour (z +1.9) and low task time vs estimate (z -1.6), unlike any usual pattern.",1
operator,OP06,S1,2026-06-15,39.83,15.52,8.57,161.17,0.962,0,10,1.107,1,efficient,False,,1
operator,OP06,S1,2026-06-22,35.82,18.9,8.4,101.07,0.962,1,12,0.722,1,efficient,False,,2
operator,OP06,S1,2026-06-29,34.38,21.98,11.08,98.16,0.971,2,10,0.905,1,efficient,False,,1
operator,OP06,S1,2026-07-06,39.43,16.74,8.65,153.8,0.95,0,8,0.992,1,efficient,False,,1
operator,OP06,S1,2026-07-13,39.2,15.01,9.64,172.96,0.967,0,9,1.162,1,efficient,False,,1
operator,OP06,S1,2026-07-20,41.08,19.14,9.34,114.04,0.968,0,11,0.75,1,efficient,False,,1
operator,OP06,S1,2026-07-27,39.83,16.71,10.95,139.33,0.973,0,12,1.089,1,efficient,False,,1
operator,OP06,S1,2026-08-03,34.72,14.89,8.72,123.57,0.96,0,6,0.743,1,efficient,False,,3
operator,OP06,S1,2026-08-10,32.93,16.83,8.05,170.34,0.923,0,9,1.164,1,efficient,False,,1
operator,OP06,S1,2026-08-17,36.72,18.78,10.08,122.83,0.901,1,14,1.585,1,efficient,True,"Unusual combination this week: high output per productive hour (z +2.1) and low task time vs estimate (z -2.1), unlike any usual pattern.",1
operator,OP06,S1,2026-08-24,33.5,22.2,8.14,118.81,0.927,1,11,1.504,1,efficient,True,"Unusual combination this week: high output per productive hour (z +2.4) and low task time vs estimate (z -1.5), unlike any usual pattern.",1
operator,OP07,S1,2026-06-01,38.23,21.01,17.42,89.19,1.011,1,4,0.152,1,efficient,False,,7
operator,OP07,S1,2026-06-08,38.08,19.79,18.01,88.49,1.08,0,17,-0.132,3,low output,False,,8
operator,OP07,S1,2026-06-15,39.53,21.6,14.71,80.06,1.009,0,13,0.315,1,efficient,False,,5
operator,OP07,S1,2026-06-22,39.68,15.82,15.3,98.4,1.014,1,10,-0.008,1,efficient,False,,7
operator,OP07,S1,2026-06-29,39.33,18.1,16.9,86.95,1.037,0,11,0.139,1,efficient,False,,6
operator,OP07,S1,2026-07-06,32.78,18.64,17.77,103.25,1.033,0,9,0.152,1,efficient,False,,6
operator,OP07,S1,2026-07-13,39.7,15.86,15.65,114.48,1.027,0,20,0.154,1,efficient,False,,6
operator,OP07,S1,2026-07-20,40.28,19.5,13.71,83.41,0.999,0,8,0.362,1,efficient,False,,5
operator,OP07,S1,2026-07-27,32.33,18.71,16.92,113.66,0.992,0,6,0.169,1,efficient,False,,5
operator,OP07,S1,2026-08-03,41.13,16.06,13.8,109.52,1.064,0,10,-0.042,3,low output,False,,8
operator,OP07,S1,2026-08-10,31.13,17.37,15.32,96.36,1.064,1,21,0.061,3,low output,True,"Unusual combination this week: high safety events per 10 h (z +2.0) and low fuel per productive hour (z -0.9), unlike any usual pattern.",6
operator,OP07,S1,2026-08-17,40.07,18.93,15.41,103.7,1.003,1,13,0.202,1,efficient,False,,6
operator,OP07,S1,2026-08-24,33.43,20.81,15.96,55.93,0.996,2,11,0.021,1,efficient,False,,7
operator,OP08,S1,2026-06-01,39.57,22.52,11.05,97.3,0.997,1,23,-0.088,0,needs safety coaching,False,,8
operator,OP08,S1,2026-06-08,39.03,23.19,10.2,86.59,0.985,2,17,0.078,0,needs safety coaching,False,,6
operator,OP08,S1,2026-06-15,38.22,21.48,11.3,109.38,0.968,0,19,0.226,0,needs safety coaching,False,,7
operator,OP08,S1,2026-06-22,35.95,21.35,10.87,115.16,1.002,1,9,0.017,0,needs safety coaching,False,,6
operator,OP08,S1,2026-06-29,37.32,20.81,10.94,108.66,1.001,0,16,0.017,0,needs safety coaching,False,,7
operator,OP08,S1,2026-07-06,37.13,22.2,10.52,115.13,1.027,1,11,0.124,0,needs safety coaching,False,,8
operator,OP08,S1,2026-07-13,26.57,22.63,10.3,86.76,1.019,0,9,0.03,0,needs safety coaching,False,,8
operator,OP08,S1,2026-07-20,35.9,18.29,11.03,143.59,0.97,0,17,0.417,0,needs safety coaching,False,,4
operator,OP08,S1,2026-07-27,33.92,17.24,10.19,151.99,0.984,1,15,0.162,0,needs safety coaching,False,,6
operator,OP08,S1,2026-08-03,39.63,20.5,10.97,127.17,0.962,0,12,0.251,0,needs safety coaching,False,,7
operator,OP08,S1,2026-08-10,36.03,18.79,10.66,118.36,0.969,0,14,0.258,0,needs safety coaching,False,,4
operator,OP08,S1,2026-08-17,37.52,19.15,12.14,92.89,0.948,0,19,0.062,0,needs safety coaching,False,,7
operator,OP08,S1,2026-08-24,25.23,19.39,10.36,123.65,0.969,0,5,0.102,0,needs safety coaching,False,,5
operator,OP09,S1,2026-06-01,31.97,18.12,15.17,111.84,1.002,0,7,0.421,1,efficient,False,,6
operator,OP09,S1,2026-06-08,32.0,17.9,15.79,99.84,1.03,0,5,0.327,1,efficient,False,,4
operator,OP09,S1,2026-06-15,31.27,16.23,17.76,138.97,0.989,0,10,0.281,1,efficient,False,,6
operator,OP09,S1,2026-06-22,38.83,19.02,17.08,88.84,1.073,1,11,-0.246,3,low output,False,,8
operator,OP09,S1,2026-06-29,34.7,19.75,16.35,90.2,1.018,0,8,0.262,1,efficient,False,,5
operator,OP09,S1,2026-07-06,33.53,18.93,15.03,99.75,1.028,1,11,0.126,1,efficient,False,,7
operator,OP09,S1,2026-07-13,39.45,20.52,13.8,90.87,1.045,2,11,0.122,1,efficient,False,,7
operator,OP09,S1,2026-07-20,24.13,16.44,17.91,108.77,1.006,1,8,0.255,1,efficient,False,,6
operator,OP09,S1,2026-07-27,24.72,17.39,15.98,113.28,1.022,0,8,0.386,1,efficient,False,,3
operator,OP09,S1,2026-08-03,38.55,15.92,14.37,148.12,0.984,0,7,0.512,1,efficient,False,,4
operator,OP09,S1,2026-08-10,38.48,20.13,16.91,93.29,1.09,0,11,0.025,3,low output,False,,7
operator,OP09,S1,2026-08-17,31.4,19.45,14.79,113.06,0.976,0,6,0.497,1,efficient,False,,3
operator,OP09,S1,2026-08-24,27.58,18.16,15.35,127.79,0.999,0,9,0.239,1,efficient,False,,3
operator,OP10,S1,2026-06-01,37.38,15.59,14.32,149.67,1.004,1,14,0.7,1,efficient,False,,4
operator,OP10,S1,2026-06-08,32.03,20.6,15.85,85.07,1.072,1,9,0.059,1,efficient,False,,7
operator,OP10,S1,2026-06-15,39.55,20.76,16.03,96.59,1.057,0,8,0.088,1,efficient,False,,8
operator,OP10,S1,2026-06-22,37.45,16.49,16.93,125.23,1.014,0,11,0.355,1,efficient,False,,4
operator,OP10,S1,2026-06-29,37.6,22.42,15.6,65.56,1.063,1,14,-0.049,3,low output,False,,8
operator,OP10,S1,2026-07-06,34.57,21.32,16.07,113.84,1.014,0,9,0.564,1,efficient,False,,4
operator,OP10,S1,2026-07-13,30.78,19.62,17.21,122.31,1.011,1,7,0.22,1,efficient,False,,5
operator,OP10,S1,2026-07-20,40.07,18.31,16.06,96.34,1.063,0,10,0.033,1,efficient,False,,8
operator,OP10,S1,2026-07-27,33.88,17.86,14.83,99.02,1.053,1,14,0.008,3,low output,False,,8
operator,OP10,S1,2026-08-03,37.87,17.6,17.53,120.29,1.017,0,9,0.397,1,efficient,False,,5
operator,OP10,S1,2026-08-10,29.93,20.13,14.56,72.66,1.039,0,3,0.243,1,efficient,False,,5
operator,OP10,S1,2026-08-17,40.5,19.88,15.24,90.37,1.092,0,10,-0.103,3,low output,False,,8
operator,OP10,S1,2026-08-24,30.17,17.1,16.86,134.09,1.099,0,5,0.065,3,low output,True,"Unusual combination this week: high task time vs estimate (z +1.1) and low safety events per 10 h (z -0.9), unlike any usual pattern.",6
operator,OP11,S2,2026-06-01,40.35,27.1,11.22,57.0,1.042,2,16,-0.493,0,needs safety coaching,False,,8
operator,OP11,S2,2026-06-08,36.35,18.68,14.44,109.77,1.003,0,17,-0.018,0,needs safety coaching,False,,4
operator,OP11,S2,2026-06-15,36.73,19.69,12.78,92.15,1.044,3,16,-0.482,0,needs safety coaching,False,,6
operator,OP11,S2,2026-06-22,36.87,18.16,13.8,115.28,1.014,1,12,-0.468,0,needs safety coaching,False,,7
operator,OP11,S2,2026-06-29,38.37,23.39,10.78,76.89,1.018,3,23,-0.405,0,needs safety coaching,True,"Unusual combination this week: high machine anomalies per 10 h (z +2.1) and high safety events per 10 h (z +1.8), unlike any usual pattern.",6
operator,OP11,S2,2026-07-06,40.33,22.64,10.87,77.73,1.085,2,21,-0.427,0,needs safety coaching,True,"Unusual combination this week: high safety events per 10 h (z +1.3) and high machine anomalies per 10 h (z +1.1), unlike any usual pattern.",7
operator,OP11,S2,2026-07-13,37.82,18.39,12.12,101.81,0.991,0,18,-0.18,0,needs safety coaching,False,,5
operator,OP11,S2,2026-07-20,33.5,22.28,14.76,96.42,0.977,0,12,-0.322,0,needs safety coaching,False,,8
operator,OP11,S2,2026-07-27,37.38,18.17,14.84,126.39,1.028,0,13,-0.362,0,needs safety coaching,False,,7
operator,OP11,S2,2026-08-03,36.62,20.96,11.23,113.88,0.976,1,16,-0.118,0,needs safety coaching,False,,5
operator,OP11,S2,2026-08-10,36.25,19.83,11.26,89.66,0.994,0,19,-0.275,0,needs safety coaching,False,,8
operator,OP11,S2,2026-08-17,39.93,19.64,10.83,87.77,1.008,1,11,-0.282,0,needs safety coaching,False,,7
operator,OP11,S2,2026-08-24,29.48,21.06,11.59,95.82,0.999,1,5,-0.259,0,needs safety coaching,True,"Unusual combination this week: high fuel per productive hour (z +1.4) and low safety events per 10 h (z -0.8), unlike any usual pattern.",6
operator,OP12,S2,2026-06-01,31.53,21.15,34.28,113.05,1.074,0,13,-0.804,2,idle-heavy,False,,9
operator,OP12,S2,2026-06-08,30.1,23.07,32.86,108.47,1.032,0,11,-0.348,2,idle-heavy,False,,8
operator,OP12,S2,2026-06-15,32.6,25.65,30.76,52.61,1.085,0,8,-0.634,2,idle-heavy,False,,8
operator,OP12,S2,2026-06-22,30.18,20.48,35.09,100.88,1.106,0,9,-0.999,2,idle-heavy,False,,9
operator,OP12,S2,2026-06-29,27.38,22.32,36.17,111.38,1.057,0,8,-0.611,2,idle-heavy,False,,9
operator,OP12,S2,2026-07-06,29.08,25.48,36.61,68.25,1.135,1,13,-1.118,2,idle-heavy,False,,9
operator,OP12,S2,2026-07-13,30.17,24.22,34.42,82.87,1.101,0,13,-0.65,2,idle-heavy,False,,8
operator,OP12,S2,2026-07-20,30.73,20.54,34.93,94.69,1.106,0,11,-1.033,2,idle-heavy,False,,9
operator,OP12,S2,2026-07-27,28.12,21.73,38.36,118.08,1.056,0,10,-0.811,2,idle-heavy,True,Idle time 38.4% is far above normal for the machines driven (z +2.5).,9
operator,OP12,S2,2026-08-03,24.45,21.33,35.57,95.91,1.084,0,13,-1.257,2,idle-heavy,False,,10
operator,OP12,S2,2026-08-10,32.32,22.18,32.2,114.65,1.069,0,15,-0.441,2,idle-heavy,False,,9
operator,OP12,S2,2026-08-17,29.67,24.17,37.7,82.42,1.117,1,9,-1.281,2,idle-heavy,False,,10
operator,OP12,S2,2026-08-24,21.98,26.18,41.59,103.26,1.095,0,9,-0.961,2,idle-heavy,True,Idle time 41.6% is far above normal for the machines driven (z +2.9).,10
operator,OP13,S2,2026-06-01,33.47,18.5,8.6,98.16,0.991,0,16,0.187,1,efficient,False,,2
operator,OP13,S2,2026-06-08,36.12,17.38,7.87,77.53,1.012,0,8,0.072,1,efficient,False,,3
operator,OP13,S2,2026-06-15,34.23,16.91,10.42,95.08,1.027,0,9,0.296,1,efficient,False,,1
operator,OP13,S2,2026-06-22,42.2,20.12,8.19,64.81,1.027,0,7,0.112,1,efficient,False,,2
operator,OP13,S2,2026-06-29,39.45,23.62,10.14,54.37,1.042,3,16,-0.027,1,efficient,False,,3
operator,OP13,S2,2026-07-06,34.48,19.12,7.55,76.85,1.008,0,4,0.198,1,efficient,False,,3
operator,OP13,S2,2026-07-13,41.65,20.23,8.06,62.18,1.04,2,7,0.023,1,efficient,False,,4
operator,OP13,S2,2026-07-20,41.62,18.37,9.4,72.21,1.084,2,11,-0.235,3,low output,False,,7
operator,OP13,S2,2026-07-27,26.78,16.44,8.17,88.67,1.047,0,6,0.256,1,efficient,False,,2
operator,OP13,S2,2026-08-03,31.97,15.78,11.16,82.59,1.008,0,12,0.23,1,efficient,False,,3
operator,OP13,S2,2026-08-10,27.63,18.64,8.14,86.31,0.95,0,6,0.356,1,efficient,False,,2
operator,OP13,S2,2026-08-17,28.32,17.14,9.63,91.11,1.055,0,4,-0.11,3,low output,False,,6
operator,OP13,S2,2026-08-24,20.23,16.02,8.1,98.6,1.006,0,4,0.264,1,efficient,False,,2
operator,OP14,S2,2026-06-01,32.33,18.14,16.88,94.33,1.048,0,13,-0.18,3,low output,False,,6
operator,OP14,S2,2026-06-08,25.93,19.81,17.98,67.87,1.073,0,8,-0.426,3,low output,False,,9
operator,OP14,S2,2026-06-15,26.4,17.67,16.01,85.61,1.101,0,7,-0.554,3,low output,False,,7
operator,OP14,S2,2026-06-22,20.78,15.8,13.4,88.77,1.085,0,3,-0.427,3,low output,False,,6
operator,OP14,S2,2026-06-29,32.28,17.3,15.45,71.24,1.097,1,8,-0.535,3,low output,False,,7
operator,OP14,S2,2026-07-06,40.43,19.78,14.61,74.94,1.086,0,14,-0.293,3,low output,False,,5
operator,OP14,S2,2026-07-13,25.98,22.06,14.53,57.73,1.073,1,11,-0.332,3,low output,False,,6
operator,OP14,S2,2026-07-20,39.85,20.23,13.99,92.22,1.076,0,10,-0.09,3,low output,False,,4
operator,OP14,S2,2026-07-27,36.55,19.2,15.16,70.73,1.058,1,9,-0.201,3,low output,False,,5
operator,OP14,S2,2026-08-03,19.7,15.4,17.92,96.45,1.034,0,11,-0.545,3,low output,False,,8
operator,OP14,S2,2026-08-10,39.52,19.89,16.6,78.83,1.041,2,15,-0.111,3,low output,False,,5
operator,OP14,S2,2026-08-17,40.22,18.86,15.42,94.86,1.048,0,18,-0.063,3,low output,False,,5
operator,OP14,S2,2026-08-24,37.95,15.61,15.42,115.55,1.081,0,4,-0.336,3,low output,False,,7
operator,OP15,S2,2026-06-01,29.45,20.72,37.43,140.75,0.972,0,11,-0.345,2,idle-heavy,False,,7
operator,OP15,S2,2026-06-08,30.22,21.47,35.75,144.62,0.977,0,9,-0.285,2,idle-heavy,False,,6
operator,OP15,S2,2026-06-15,29.28,19.0,37.89,182.7,0.971,0,9,-0.137,2,idle-heavy,False,,4
operator,OP15,S2,2026-06-22,29.18,24.95,34.25,73.67,1.091,0,15,-1.177,2,idle-heavy,False,,10
operator,OP15,S2,2026-06-29,28.92,20.73,35.5,148.18,0.951,0,10,-0.048,2,idle-heavy,False,,5
operator,OP15,S2,2026-07-06,31.0,19.06,34.85,135.65,1.022,0,11,-0.524,2,idle-heavy,False,,8
operator,OP15,S2,2026-07-13,30.03,18.72,34.59,143.17,1.026,0,10,-0.664,2,idle-heavy,False,,9
operator,OP15,S2,2026-07-20,30.07,20.22,34.97,125.55,1.005,1,11,-0.135,2,idle-heavy,False,,6
operator,OP15,S2,2026-07-27,29.53,24.14,37.82,108.69,1.08,0,9,-0.608,2,idle-heavy,False,,8
operator,OP15,S2,2026-08-03,30.7,20.42,34.61,108.63,1.023,0,12,-0.734,2,idle-heavy,False,,9
operator,OP15,S2,2026-08-10,29.52,20.45,36.95,148.05,0.935,1,12,-0.228,2,idle-heavy,False,,7
operator,OP15,S2,2026-08-17,29.25,17.96,32.21,147.69,0.96,0,9,-0.309,2,idle-heavy,False,,8
operator,OP15,S2,2026-08-24,28.2,19.47,35.93,155.85,0.972,0,7,-0.219,2,idle-heavy,False,,5
operator,OP16,S2,2026-06-01,26.13,14.3,18.33,110.59,1.015,0,4,-0.103,1,efficient,False,,5
operator,OP16,S2,2026-06-08,33.33,17.87,16.67,76.5,1.063,1,4,-0.309,3,low output,False,,7
operator,OP16,S2,2026-06-15,38.63,17.68,19.4,82.96,1.127,0,17,-0.838,3,low output,False,,9
operator,OP16,S2,2026-06-22,18.68,15.79,16.72,106.78,1.073,1,5,-0.3,3,low output,False,,5
operator,OP16,S2,2026-06-29,25.62,17.13,18.93,76.12,1.072,0,11,-0.628,3,low output,False,,10
operator,OP16,S2,2026-07-06,33.8,18.46,14.68,70.41,1.057,1,12,-0.092,3,low output,False,,4
operator,OP16,S2,2026-07-13,39.27,15.66,15.77,105.05,1.088,0,15,-0.444,3,low output,False,,7
operator,OP16,S2,2026-07-20,40.6,17.12,14.77,87.07,1.039,1,14,-0.117,3,low output,False,,5
operator,OP16,S2,2026-07-27,32.62,17.76,15.28,76.03,1.04,1,10,-0.22,3,low output,False,,6
operator,OP16,S2,2026-08-03,26.32,16.77,15.43,59.47,1.046,0,10,-0.331,3,low output,False,,6
operator,OP16,S2,2026-08-10,40.75,17.18,15.1,71.41,1.044,0,15,-0.207,3,low output,False,,6
operator,OP16,S2,2026-08-17,33.22,17.95,15.41,73.91,1.037,0,5,-0.041,1,efficient,False,,4
operator,OP16,S2,2026-08-24,19.17,24.75,20.14,45.39,1.097,1,6,-0.557,3,low output,False,,8
operator,OP17,S2,2026-06-01,36.8,17.57,18.31,108.97,1.002,1,11,0.009,1,efficient,False,,3
operator,OP17,S2,2026-06-08,36.32,21.32,17.34,58.79,1.041,0,6,-0.23,3,low output,False,,5
operator,OP17,S2,2026-06-15,37.92,16.78,14.25,96.26,1.062,1,10,-0.371,3,low output,False,,5
operator,OP17,S2,2026-06-22,28.0,18.31,15.62,80.36,1.021,0,8,0.015,1,efficient,False,,3
operator,OP17,S2,2026-06-29,38.08,15.73,16.85,105.43,1.032,0,13,-0.011,1,efficient,False,,2
operator,OP17,S2,2026-07-06,34.77,17.58,17.68,69.61,1.049,0,15,-0.41,3,low output,False,,6
operator,OP17,S2,2026-07-13,38.97,16.06,14.39,101.5,0.992,0,7,0.065,1,efficient,False,,3
operator,OP17,S2,2026-07-20,37.58,23.13,14.87,56.94,1.028,4,6,0.176,1,efficient,False,,2
operator,OP17,S2,2026-07-27,37.23,15.71,13.88,91.05,1.022,0,11,0.113,1,efficient,False,,3
operator,OP17,S2,2026-08-03,35.92,18.29,13.97,74.48,1.016,0,8,0.303,1,efficient,False,,2
operator,OP17,S2,2026-08-10,38.47,17.46,14.1,93.59,1.082,0,13,0.027,3,low output,False,,4
operator,OP17,S2,2026-08-17,35.22,22.2,18.1,76.95,1.054,1,10,-0.025,1,efficient,False,,3
operator,OP17,S2,2026-08-24,31.37,16.33,16.13,82.25,0.992,0,5,0.018,1,efficient,False,,3
operator,OP18,S2,2026-06-01,36.32,17.16,23.7,61.68,1.097,1,19,-0.907,3,low output,False,,10
operator,OP18,S2,2026-06-08,36.52,16.05,23.92,83.93,1.129,0,25,-1.091,3,low output,False,,10
operator,OP18,S2,2026-06-15,36.7,20.25,23.54,68.39,1.145,1,13,-0.977,3,low output,False,,10
operator,OP18,S2,2026-06-22,27.95,21.02,22.43,61.18,1.108,0,13,-0.678,3,low output,False,,8
operator,OP18,S2,2026-06-29,37.33,22.1,21.65,59.2,1.097,1,13,-0.539,3,low output,False,,8
operator,OP18,S2,2026-07-06,37.35,16.65,22.19,70.82,1.165,0,22,-1.248,3,low output,False,,10
operator,OP18,S2,2026-07-13,33.28,17.59,22.24,48.37,1.155,1,12,-1.18,3,low output,False,,10
operator,OP18,S2,2026-07-20,30.83,17.42,22.46,64.54,1.164,0,17,-1.061,3,low output,False,,10
operator,OP18,S2,2026-07-27,37.05,17.86,22.6,56.82,1.151,0,24,-1.105,3,low output,False,,10
operator,OP18,S2,2026-08-03,36.78,15.34,23.26,95.29,1.1,2,13,-0.543,3,low output,True,"Unusual combination this week: high machine anomalies per 10 h (z +1.4) and high task time vs estimate (z +1.2), unlike any usual pattern.",7
operator,OP18,S2,2026-08-10,36.23,16.67,23.72,85.14,1.177,0,21,-1.007,3,low output,False,,10
operator,OP18,S2,2026-08-17,35.05,16.81,21.27,70.76,1.15,1,16,-1.106,3,low output,False,,9
operator,OP18,S2,2026-08-24,31.02,18.32,22.17,67.06,1.141,1,9,-0.938,3,low output,False,,9
operator,OP19,S2,2026-06-01,38.97,16.72,8.13,86.61,1.002,0,10,0.398,1,efficient,False,,1
operator,OP19,S2,2026-06-08,36.98,17.31,8.04,103.42,0.992,0,9,0.703,1,efficient,False,,1
operator,OP19,S2,2026-06-15,41.08,18.03,9.81,79.84,1.0,0,12,0.29,1,efficient,False,,2
operator,OP19,S2,2026-06-22,41.22,17.46,9.31,96.32,1.004,1,11,0.139,1,efficient,False,,1
operator,OP19,S2,2026-06-29,30.4,14.77,8.02,114.97,1.013,0,10,0.09,1,efficient,False,,1
operator,OP19,S2,2026-07-06,37.33,14.73,8.98,158.44,0.924,0,10,0.784,1,efficient,False,,1
operator,OP19,S2,2026-07-13,39.15,19.66,7.95,94.51,0.998,0,7,0.478,1,efficient,False,,1
operator,OP19,S2,2026-07-20,41.17,14.74,7.94,133.85,0.963,0,10,0.591,1,efficient,False,,1
operator,OP19,S2,2026-07-27,40.07,18.86,8.28,99.33,0.979,1,11,0.405,1,efficient,False,,1
operator,OP19,S2,2026-08-03,41.22,21.7,7.79,78.12,1.005,2,12,0.371,1,efficient,False,,1
operator,OP19,S2,2026-08-10,41.97,21.51,7.66,64.46,0.993,0,18,0.31,1,efficient,False,,3
operator,OP19,S2,2026-08-17,38.82,19.04,8.49,81.41,0.978,0,4,0.514,1,efficient,False,,1
operator,OP19,S2,2026-08-24,36.65,20.33,10.86,104.23,0.93,1,8,0.573,1,efficient,False,,1
operator,OP20,S2,2026-06-01,41.62,18.32,7.96,66.2,1.004,0,11,-0.054,1,efficient,False,,4
operator,OP20,S2,2026-06-08,42.03,16.92,8.62,85.41,0.993,0,12,0.152,1,efficient,False,,2
operator,OP20,S2,2026-06-15,42.75,21.09,7.63,55.91,1.049,1,9,0.015,1,efficient,False,,3
operator,OP20,S2,2026-06-22,25.57,20.76,7.92,61.99,1.049,0,4,-0.066,1,efficient,False,,4
operator,OP20,S2,2026-06-29,33.17,17.15,10.2,86.98,1.037,0,9,-0.045,1,efficient,False,,4
operator,OP20,S2,2026-07-06,20.52,21.58,8.34,71.16,0.966,0,9,0.246,1,efficient,False,,2
operator,OP20,S2,2026-07-13,40.48,20.45,7.99,66.57,0.996,1,9,0.247,1,efficient,False,,2
operator,OP20,S2,2026-07-20,32.88,19.59,11.33,62.49,0.997,3,10,0.001,1,efficient,False,,3
operator,OP20,S2,2026-07-27,20.53,23.6,9.41,45.54,1.019,0,6,0.038,1,efficient,False,,4
operator,OP20,S2,2026-08-03,35.38,19.85,8.1,56.1,1.012,1,13,-0.014,1,efficient,False,,4
operator,OP20,S2,2026-08-10,41.57,17.94,9.11,77.71,0.966,0,14,0.372,1,efficient,False,,1
operator,OP20,S2,2026-08-17,35.8,17.85,7.97,78.63,0.952,1,8,0.228,1,efficient,False,,2
operator,OP20,S2,2026-08-24,33.47,16.71,7.08,73.95,1.009,0,9,-0.016,1,efficient,False,,4
